{
  "hash": "953da11e",
  "configHash": "51b1fcbf",
  "lockfileHash": "f2517ea2",
  "browserHash": "948113b1",
  "optimized": {
    "@angular/common": {
      "src": "../../../../../node_modules/@angular/common/fesm2022/common.mjs",
      "file": "@angular_common.js",
      "fileHash": "42c8280a",
      "needsInterop": false
    },
    "@angular/core": {
      "src": "../../../../../node_modules/@angular/core/fesm2022/core.mjs",
      "file": "@angular_core.js",
      "fileHash": "f6761dd6",
      "needsInterop": false
    },
    "@angular/forms": {
      "src": "../../../../../node_modules/@angular/forms/fesm2022/forms.mjs",
      "file": "@angular_forms.js",
      "fileHash": "efa4593f",
      "needsInterop": false
    },
    "@angular/platform-browser": {
      "src": "../../../../../node_modules/@angular/platform-browser/fesm2022/platform-browser.mjs",
      "file": "@angular_platform-browser.js",
      "fileHash": "b1076eaa",
      "needsInterop": false
    },
    "@angular/router": {
      "src": "../../../../../node_modules/@angular/router/fesm2022/router.mjs",
      "file": "@angular_router.js",
      "fileHash": "4b1f0d31",
      "needsInterop": false
    }
  },
  "chunks": {
    "chunk-UOPU6VHF": {
      "file": "chunk-UOPU6VHF.js"
    },
    "chunk-QT7HCO3S": {
      "file": "chunk-QT7HCO3S.js"
    },
    "chunk-LYVJBHJR": {
      "file": "chunk-LYVJBHJR.js"
    }
  }
}